{
  "cli": {
    "version": ">= 5.9.1",
    "appVersionSource": "remote",
    "requireCommit": false
  },
  "build": {
    "development": {
      "developmentClient": true,
      "distribution": "internal",
      "android": {
        "gradleCommand": ":app:assembleDebug",
        "buildType": "apk",
        "withoutCredentials": true
      },
      "env": {
        "ENVIRONMENT": "development"
      },
      "channel": "development",
      "cache": {
        "disabled": false
      }
    },
    "preview": {
      "distribution": "internal",
      "android": {
        "buildType": "apk",
        "withoutCredentials": true,
        "gradleCommand": ":app:assembleRelease"
      },
      "env": {
        "ENVIRONMENT": "preview"
      },
      "channel": "preview",
      "autoIncrement": true
    },
    "production": {
      "android": {
        "buildType": "app-bundle"
      },
      "env": {
        "ENVIRONMENT": "production"
      },
      "channel": "production",
      "autoIncrement": true
    }
  },
  "submit": {
    "production": {}
  }
}